CREATE DATABASE  IF NOT EXISTS `elections2` /*!40100 DEFAULT CHARACTER SET utf8 */;

SET @OLD_UNIQUE_CHECKS=@@UNIQUE_CHECKS, UNIQUE_CHECKS=0; 
SET @OLD_FOREIGN_KEY_CHECKS=@@FOREIGN_KEY_CHECKS, FOREIGN_KEY_CHECKS=0; 
SET @OLD_SQL_MODE=@@SQL_MODE, SQL_MODE='TRADITIONAL,ALLOW_INVALID_DATES'; 



USE elections2; 


CREATE TABLE IF NOT EXISTS `Departamento` (
 `cod_depa` int(5) NOT NULL DEFAULT '0',
 `departamento` varchar(50) DEFAULT NULL,
 PRIMARY KEY (`cod_depa`)
) ENGINE= InnoDB;


CREATE TABLE IF NOT EXISTS `ubprovincia` (
 `idProv` int(5) NOT NULL DEFAULT '0',
 `provincia` varchar(50) DEFAULT NULL,
 `idDepa` int(5) DEFAULT NULL,
 PRIMARY KEY (`idProv`)
) ENGINE= InnoDB;



CREATE TABLE IF NOT EXISTS `ubdistrito` (
 `idDist` int(5) NOT NULL DEFAULT '0',
 `distrito` varchar(50) DEFAULT NULL,
 `idProv` int(5) DEFAULT NULL,
 PRIMARY KEY (`idDist`)
) ENGINE= InnoDB;

INSERT INTO `Departamento` (`cod_depa`, `departamento`) VALUES
(1, 'AMAZONAS'),
(2, 'ANCASH'),
(3, 'APURIMAC'),
(4, 'AREQUIPA'),
(5, 'AYACUCHO'),
(6, 'CAJAMARCA'),
(7, 'CALLAO'),
(8, 'CUSCO'),
(9, 'HUANCAVELICA'),
(10, 'HUANUCO'),
(11, 'ICA'),
(12, 'JUNIN'),
(13, 'LA LIBERTAD'),
(14, 'LAMBAYEQUE'),
(15, 'LIMA'),
(16, 'LORETO'),
(17, 'MADRE DE DIOS'),
(18, 'MOQUEGUA'),
(19, 'PASCO'),
(20, 'PIURA'),
(21, 'PUNO'),
(22, 'SAN MARTIN'),
(23, 'TACNA'),
(24, 'TUMBES'),
(25, 'UCAYALI');

INSERT INTO `ubprovincia` (`idProv`, `provincia`, `idDepa`) VALUES
(01, 'AREQUIPA', 4),
(02, 'CAMANA', 4),
(03, 'CARAVELI', 4),
(04, 'CASTILLA', 4),
(05, 'CAYLLOMA', 4),
(06, 'CONDESUYOS', 4),
(07, 'ISLAY', 4),
(08, 'LA UNION', 4);

INSERT INTO `ubdistrito` (`idDist`, `distrito`, `idProv`) VALUES
(01, 'AREQUIPA', 01),
(02, 'ALTO SELVA ALEGRE', 01),
(03, 'CAYMA', 01),
(04, 'CERRO COLORADO', 01),
(05, 'CHARACATO', 01),
(06, 'CHIGUATA', 01),
(07, 'JACOBO HUNTER', 01),
(08, 'LA JOYA', 01),
(09, 'MARIANO MELGAR', 01),
(10, 'MIRAFLORES', 01),
(11, 'MOLLEBAYA', 01),
(12, 'PAUCARPATA', 01),
(13, 'POCSI', 01),
(14, 'POLOBAYA', 01),
(15, 'QUEQUE&Ntilde;A', 01),
(16, 'SABANDIA', 01),
(17, 'SACHACA', 01),
(18, 'SAN JUAN DE SIGUAS', 01),
(19, 'SAN JUAN DE TARUCANI', 01),
(20, 'SANTA ISABEL DE SIGUAS', 01),
(21, 'SANTA RITA DE SIGUAS', 01),
(22, 'SOCABAYA', 01),
(23, 'TIABAYA', 01),
(24, 'UCHUMAYO', 01),
(25, 'VITOR', 01),
(26, 'YANAHUARA', 01),
(27, 'YARABAMBA', 01),
(28, 'YURA', 01),
(29, 'JOSE LUIS BUSTAMANTE Y RIVERO', 01),
(30, 'CAMANA', 02),
(31, 'JOSE MARIA QUIMPER', 02),
(32, 'MARIANO NICOLAS VALCARCEL', 02),
(33, 'MARISCAL CACERES', 02),
(34, 'NICOLAS DE PIEROLA', 02),
(35, 'OCO&Ntilde;A', 02),
(36, 'QUILCA', 02),
(37, 'SAMUEL PASTOR', 02),
(38, 'CARAVELI', 03),
(39, 'ACARI', 03),
(40, 'ATICO', 03),
(41, 'ATIQUIPA', 03),
(42, 'BELLA UNION', 03),
(45, 'CAHUACHO', 03),
(46, 'CHALA', 03),
(47, 'CHAPARRA', 03),
(48, 'HUANUHUANU', 03),
(49, 'JAQUI', 03),
(50, 'LOMAS', 03),
(51, 'QUICACHA', 03),
(52, 'YAUCA', 03),
(53, 'APLAO', 04),
(54, 'ANDAGUA', 04),
(55, 'AYO', 04),
(56, 'CHACHAS', 04),
(57, 'CHILCAYMARCA', 04),
(58, 'CHOCO', 04),
(59, 'HUANCARQUI', 04),
(60, 'MACHAGUAY', 04),
(61, 'ORCOPAMPA', 04),
(62, 'PAMPACOLCA', 04),
(63, 'TIPAN', 04),
(64, 'U&Ntilde;ON', 04),
(65, 'URACA', 04),
(66, 'VIRACO', 04),
(67, 'CHIVAY', 05),
(68, 'ACHOMA', 05),
(69, 'CABANACONDE', 05),
(70, 'CALLALLI', 05),
(71, 'CAYLLOMA', 05),
(72, 'COPORAQUE', 05),
(73, 'HUAMBO', 05),
(74, 'HUANCA', 05),
(75, 'ICHUPAMPA', 05),
(76, 'LARI', 05),
(77, 'LLUTA', 05),
(78, 'MACA', 05),
(79, 'MADRIGAL', 05),
(80, 'SAN ANTONIO DE CHUCA', 05),
(81, 'SIBAYO', 05),
(82, 'TAPAY', 05),
(83, 'TISCO', 05),
(84, 'TUTI', 05),
(85, 'YANQUE', 05),
(86, 'MAJES', 05),
(87, 'CHUQUIBAMBA', 06),
(88, 'ANDARAY', 06),
(89, 'CAYARANI', 06),
(90, 'CHICHAS', 06),
(91, 'IRAY', 06),
(92, 'RIO GRANDE', 06),
(93, 'SALAMANCA', 06),
(94, 'YANAQUIHUA', 06),
(95, 'MOLLENDO', 07),
(96, 'COCACHACRA', 07),
(97, 'DEAN VALDIVIA', 07),
(98, 'ISLAY', 07),
(99, 'MEJIA', 07),
(100, 'PUNTA DE BOMBON', 07),
(101, 'COTAHUASI', 08),
(102, 'ALCA', 08),
(103, 'CHARCANA', 08),
(104, 'HUAYNACOTAS', 08),
(105, 'PAMPAMARCA', 08),
(106, 'PUYCA', 08),
(107, 'QUECHUALLA', 08),
(108, 'SAYLA', 08),
(109, 'TAURIA', 08),
(110, 'TOMEPAMPA', 08),
(111, 'TORO', 08);

CREATE TABLE IF NOT EXISTS `Locl` (
 `cod_local` int(11) NOT NULL AUTO_INCREMENT,
 `u1` int(5) DEFAULT NULL,
    `u2` int(5) DEFAULT NULL,
    `u3` int(5) DEFAULT NULL,
    `nombre` varchar(75) NOT NULL,
     `direccion` varchar(85) NOT NULL,
    PRIMARY KEY (`cod_local`),
      constraint fk_u1 FOREIGN KEY (`u1`) references Departamento(`cod_depa`) ON DELETE NO ACTION
    ON UPDATE NO ACTION,
  constraint fk_u2 FOREIGN KEY (`u2`) references ubprovincia(`idProv`) ON DELETE NO ACTION
    ON UPDATE NO ACTION,
    constraint fk_u3 FOREIGN KEY (`u3`) references ubdistrito(`idDist`) ON DELETE NO ACTION
    ON UPDATE NO ACTION
 
) ENGINE= InnoDB;
INSERT INTO `Locl` VALUES
(1001, 04,01,01,'11 DE MAYO','AVENIDA TUPAC AMARU 600'),
(1002, 04,01,02,'DIVINO NIÑO JESUS','MZ E LOTE 1 ZONA A'),
(1003, 04,01,03,'SANTISIMA VIRGEN DE FATIMA','SANTA RITA DE SIGUAS'),
(1004, 04,01,04,'PAOLA FRASSINETTI','3 DE OCTUBRE COMITE 3'),
(1005, 04,01,05,'GRAN LIBERTADOR SIMON BOLIVAR','CALLE ABRAHAN VALDELOMAR S/N'),
(1006, 04,01,06,'DIVINO CORAZON DE JESUS','AVENIDA KENNEDY 2103'),
(1007, 04,01,07,'TEODORO NUÑEZ URETA','CALLE ECHEVARRIA 201'),
(1008, 04,01,08,'ALTO JESUS','CALLE 13 DE ABRIL 513-515'),
(1009, 04,01,09,'SAN JUAN BAUTISTA DE JESUS','AVENIDA SAN MARTIN DE PORRES 206L'),
(1010, 04,01,10,'SANTISIMO CORAZON DE JESUS','AVENIDA FRANCISCO MOSTAJO 900'),
(1011, 04,01,11,'FLORENTINO PORTUGAL','UPIS PAISAJISTA MZ F LOTE 1'),
(1012, 04,01,12,'FELIPE SANTIAGO SALAVERRY','AVENIDA ALCIDES CARRION 505'),
(1013, 04,01,13,'TEC. AGROPECUARIO ARTESANAL','CALLE MIGUEL GRAU 201'),
(1014, 04,01,14,'CHARLOTTE','VICTOR A BELAUNDE MZ LL LOTE 27'),
(1015, 04,01,15,'NESTOR CACERES VELASQUEZ','AVENIDA CAYMA 213'),
(1016, 04,01,16,'MARIANO MELGAR VALDIVIESO','JIRON LIBERTAD S/N'),
(1017, 04,01,17,' HEROES DEL PACIFICO','AVENIDA CHACHANI S/N'),
(1018, 04,01,18,'VIRGEN DE LA ASUNTA','MZ Q LOTE 1 AA.HH.'),
(1019, 04,01,19,' HEROES DEL CENEPA','ACALLE URUBAMBA 301'),
(1020, 04,01,20,' CORAZON DE JESUS','AVENIDA JORGE CHAVEZ 401'),
(1021, 04,01,21,'SAN ANTONIO','AVENIDA ALFONSO UGARTE 100'),
(1022, 04,01,22,'TOMAS GUZMAN GOMEZ','AVENIDA NUEVA ESPERANZA S/N'),
(1023, 04,01,23,' DIVINO MAESTRO','	CALLE LOS PERALES 121'),
(1024, 04,01,24,'JOSE MARIA ARGUEDAS','AVENIDA JOSE SANTOS ATAHUALPA S/N'),
(1025, 04,01,25,'SANTIAGO ANTUNEZ DE MAYOLO','CALLE RAMON CASTILLA 721'),
(1026, 04,01,26,'DEAN VALDIVIA','CALLE COLON 105'),
(1027, 04,01,27,'DOREEN CABRERA DE WILLIANS','CALLE JOSE MARIA ARGUEDAS S/N'),
(1028, 04,01,28,'GRAL. VELAZCO ALVARADO','MANSION SOCABAYA MZ M LOTE 1');

CREATE TABLE IF NOT EXISTS `Mesa` (
 `cod_mesa` int(11) NOT NULL AUTO_INCREMENT,
    `cod_local` int(11) NOT NULL,
    PRIMARY KEY (`cod_mesa`),
      constraint fk_cod_local FOREIGN KEY (`cod_local`) references Locl(`cod_local`) ON DELETE NO ACTION
    ON UPDATE NO ACTION
 
) ENGINE= InnoDB;
INSERT INTO `Mesa` VALUES
(2001, 1001),
(2002, 1001),
(2003, 1001),
(2004, 1002),
(2005, 1002),
(2006, 1002),
(2007, 1003),
(2008, 1003),
(2009, 1003),
(2010, 1004),
(2011, 1004),
(2012, 1004),
(2013, 1005),
(2014, 1005),
(2015, 1005),
(2016, 1006),
(2017, 1006),
(2018, 1006),
(2019, 1007),
(2020, 1007),
(2021, 1007),
(2022, 1008),
(2023, 1008),
(2024, 1008),
(2025, 1009),
(2026, 1009),
(2027, 1009),
(2028, 1010),
(2029, 1011),
(2030, 1012),
(2031, 1013),
(2032, 1014),
(2033, 1015),
(2034, 1016),
(2035, 1017),
(2036, 1018),
(2037, 1019),
(2038, 1020),
(2039, 1021),
(2040, 1022),
(2041, 1023),
(2042, 1024),
(2043, 1025),
(2044, 1026),
(2045, 1027),
(2046, 1028);




CREATE TABLE  IF NOT EXISTS `usuario` (
  `cod_user` int(11) NOT NULL,
  `nombres` varchar(45) NOT NULL,
  `apellido_p` varchar(45) NOT NULL,
  `apellido_m` varchar(45) NOT NULL,
  `fecha_nac` date NOT NULL,
  `sexo` bit NOT NULL,
  `ub1` int(5) DEFAULT NULL,
    `ubb2` int(5) DEFAULT NULL,
    `ubbb3` int(5) DEFAULT NULL,
  `password` varchar(40) NOT NULL,
  `rol` char(5) NOT NULL,
  `cod_mesa` int(11) NOT NULL,
  PRIMARY KEY (`cod_user`),
  constraint fk_ub1 FOREIGN KEY (`ub1`) references Departamento(`cod_depa`) ON DELETE NO ACTION
    ON UPDATE NO ACTION,
  constraint fk_ubb2 FOREIGN KEY (`ubb2`) references ubprovincia(`idProv`) ON DELETE NO ACTION
    ON UPDATE NO ACTION,
    constraint fk_ubbb3 FOREIGN KEY (`ubbb3`) references ubdistrito(`idDist`) ON DELETE NO ACTION
    ON UPDATE NO ACTION,
    constraint fk_cod_mesa FOREIGN KEY (`cod_mesa`) references Mesa(`cod_mesa`) ON DELETE NO ACTION
    ON UPDATE NO ACTION
) 
ENGINE= InnoDB;




CREATE TABLE IF NOT EXISTS `miembrosMesa` (
`cod_mm` int(11) NOT NULL AUTO_INCREMENT,
 `mesa` int(11) NOT NULL,
 `cod_p` int(5) DEFAULT NULL,
    `cod_v1` int(5) DEFAULT NULL,
    PRIMARY KEY (`cod_mm`),
    constraint fk_mesa FOREIGN KEY (`mesa`) references Mesa(`cod_mesa`) ON DELETE NO ACTION
    ON UPDATE NO ACTION,
      constraint fk_cod_p FOREIGN KEY (`cod_p`) references usuario(`cod_user`) ON DELETE NO ACTION
    ON UPDATE NO ACTION,
  constraint fk_cod_v1 FOREIGN KEY (`cod_v1`) references usuario(`cod_user`) ON DELETE NO ACTION
    ON UPDATE NO ACTION
 
) ENGINE= InnoDB;



INSERT INTO `usuario` VALUES 
(1101010,'Mary','Carpio', 'Mendoza','1970-10-12', 1, 04,01,01, '123456', 'u',  2001),
(1101011,'Ines','Carpio', 'Mendoza','1970-10-12', 1, 04,01,01, '123456', 'u', 2001),
(1101012,'Tatiana','Carpio', 'Mendoza','1970-10-12', 1, 04,01,01, '123456', 'u',  2001),
(1101013,'Eli','Carpio', 'Mendoza','1970-10-12', 1, 04,01,01, '123456', 'u',  2001),
(1101014,'Marcy','Carpio', 'Mendoza','1970-10-12', 1, 04,01,01, '123456', 'u',  2001),
(1101015,'Muriel','Carpio', 'Mendoza','1970-10-12', 1, 04,01,01, '123456', 'u',  2001),
(1101016,'Martha','Carpio', 'Mendoza','1970-10-12', 1, 04,01,01, '123456', 'u',  2001),
(1101017,'Glenda','Carpio', 'Mendoza','1970-10-12', 1, 04,01,01, '123456', 'u',  2001),
(1101018,'Gina','Carpio', 'Mendoza','1970-10-12', 1, 04,01,01, '123456', 'u',  2001),
(1101019,'Geraldine','Carpio', 'Mendoza','1970-10-12', 1, 04,01,01, '123456', 'u',  2001),
(1101020,'Karla','Carpio', 'Mendoza','1970-10-12', 1, 04,01,01, '123456', 'u',  2001),
(1101021,'Macarena','Carpio', 'Mendoza','1970-10-12', 1, 04,01,01, '123456', 'u',  2001),
(1101022,'Alicia','Carpio', 'Mendoza','1970-10-12', 1, 04,01,01, '123456', 'u',  2001),
(1101023,'Ana','Carpio', 'Mendoza','1970-10-12', 1, 04,01,01, '123456', 'u', 2001),
(1101024,'Francisca','Carpio', 'Mendoza','1970-10-12', 1, 04,01,01, '123456', 'u',  2001),
(1101025,'Fernanda','Carpio', 'Mendoza','1970-10-12', 1, 04,01,01, '123456', 'u',  2001),
(1101026,'Frida','Carpio', 'Mendoza','1970-10-12', 1, 04,01,01, '123456', 'u',  2001),
(1101027,'Brenda','Carpio', 'Mendoza','1970-10-12', 1, 04,01,01, '123456', 'u',  2001),
(1101028,'Britany','Carpio', 'Mendoza','1970-10-12', 1, 04,01,01, '123456', 'u',  2001),
(1101029,'Brigitte','Carpio', 'Mendoza','1970-10-12', 1, 04,01,01, '123456', 'u',  2001),
(1101030,'Carmen','Carpio', 'Mendoza','1970-10-12', 1, 04,01,01, '123456', 'u',  2001),
(1101031,'Caren','Carpio', 'Mendoza','1970-10-12', 1, 04,01,01, '123456', 'u',  2001),
(1101032,'Celeste','Carpio', 'Mendoza','1970-10-12', 1, 04,01,01, '123456', 'u',  2001),
(1101033,'Cinthia','Carpio', 'Mendoza','1970-10-12', 1, 04,01,01, '123456', 'u',  2001),
(1101034,'Eileen','Carpio', 'Mendoza','1970-10-12', 1, 04,01,01, '123456', 'u',  2001),
(1101035,'Clemencia','Carpio', 'Mendoza','1970-10-12', 1, 04,01,01, '123456', 'u', 2001),
(1101036,'Clara','Carpio', 'Mendoza','1970-10-12', 1, 04,01,01, '123456', 'u',  2001),
(1101037,'Celeste','Carpio', 'Mendoza','1970-10-12', 1, 04,01,01, '123456', 'u', 2001),
(1101038,'Dora','Carpio', 'Mendoza','1970-10-12', 1, 04,01,01, '123456', 'u',  2001),
(1101039,'Elmer','Carpio', 'Mendoza','1970-10-12', 1, 04,01,01, '123456', 'u',  2001),
(1101040,'Franshesca','Carpio', 'Mendoza','1970-10-12', 1, 04,01,01, '123456', 'u',  2001),
(1101041,'Rosa','Carpio', 'Mendoza','1970-10-12', 1, 04,01,01, '123456', 'u',  2001),
(1101042,'Raquel','Carpio', 'Mendoza','1970-10-12', 1, 04,01,01, '123456', 'u',  2001),
(1101043,'Mariya','Carpio', 'Mendoza','1970-10-12', 1, 04,01,01, '123456', 'u',  2001),
(1101044,'Nina','Carpio', 'Mendoza','1970-10-12', 1, 04,01,01, '123456', 'u',  2001),
(1101045,'Joaquina','Carpio', 'Mendoza','1970-10-12', 1, 04,01,01, '123456', 'u',  2001),
(1101046,'Lucia','Carpio', 'Mendoza','1970-10-12', 1, 04,01,01, '123456', 'u',  2001),
(1101047,'Linda','Carpio', 'Mendoza','1970-10-12', 1, 04,01,01, '123456', 'u',  2001),
(1101048,'Renata','Carpio', 'Mendoza','1970-10-12', 1, 04,01,01, '123456', 'u', 2001),
(1101049,'Maribel','Carpio', 'Mendoza','1970-10-12', 1, 04,01,01, '123456', 'u',  2001),
(1101050,'Heather','Carpio', 'Mendoza','1970-10-12', 1, 04,01,01, '123456', 'u',  2001),
(1101051,'Julia','Carpio', 'Mendoza','1970-10-12', 1, 04,01,01, '123456', 'u',  2001),
(1101052,'Lois','Carpio', 'Mendoza','1970-10-12', 1, 04,01,01, '123456', 'u',  2001),
(1101053,'Dina','Carpio', 'Mendoza','1970-10-12', 1, 04,01,01, '123456', 'u',  2001),
(1101054,'Eli','Carpio', 'Mendoza','1970-10-12', 1, 04,01,01, '123456', 'u',  2001),
(1101055,'Pamela','Carpio', 'Mendoza','1970-10-12', 1, 04,01,01, '123456', 'u',  2001),
(1101056,'Pedra','Carpio', 'Mendoza','1970-10-12', 1, 04,01,01, '123456', 'u', 2001),
(1101057,'Daniela','Carpio', 'Mendoza','1970-10-12', 1, 04,01,01, '123456', 'u', 2001),
(1101058,'Catalina','Carpio', 'Mendoza','1970-10-12', 1, 04,01,01, '123456', 'u',  2001),
(1101059,'Carlota','Carpio', 'Mendoza','1970-10-12', 1, 04,01,01, '123456', 'u',  2001),
(1101060,'Amelia','Carpio', 'Mendoza','1970-10-12', 1, 04,01,01, '123456', 'u',  2001),
(1101061,'Ema','Carpio', 'Mendoza','1970-10-12', 1, 04,01,01, '123456', 'u', 2001),
(1101062,'Victoria','Carpio', 'Mendoza','1970-10-12', 1, 04,01,01, '123456', 'u',  2001),
(1101063,'Grabriela','Carpio', 'Mendoza','1970-10-12', 1, 04,01,01, '123456', 'u', 2001),
(1101064,'Gracia','Carpio', 'Mendoza','1970-10-12', 1, 04,01,01, '123456', 'u', 2001),
(1101065,'NMaria','Carpio', 'Mendoza','1970-10-12', 1, 04,01,01, '123456', 'u',  2001),
(1101066,'Jana','Carpio', 'Mendoza','1970-10-12', 1, 04,01,01, '123456', 'u', 2001),
(1101067,'Elena','Carpio', 'Mendoza','1970-10-12', 1, 04,01,01, '123456', 'u',  2001),
(1101068,'Luisa','Carpio', 'Mendoza','1970-10-12', 1, 04,01,01, '123456', 'u', 2001),
(1101069,'Mafalda','Carpio', 'Mendoza','1970-10-12', 1, 04,01,01, '123456', 'u',  2001),
(1101070,'Nadia','Carpio', 'Mendoza','1970-10-12', 1, 04,01,01, '123456', 'u', 2001),
(1101071,'Olimpia','Carpio', 'Mendoza','1970-10-12', 1, 04,01,01, '123456', 'u',  2001),
(1101072,'Nataly','Carpio', 'Mendoza','1970-10-12', 1, 04,01,01, '123456', 'u',  2001),
(1101073,'Rita','Carpio', 'Mendoza','1970-10-12', 1, 04,01,01, '123456', 'u',  2001),
(1101074,'Silvia','Carpio', 'Mendoza','1970-10-12', 1, 04,01,01, '123456', 'u',  2001),
(1101075,'Teresa','Carpio', 'Mendoza','1970-10-12', 1, 04,01,01, '123456', 'u', 2001),
(1101076,'Valentina','Carpio', 'Mendoza','1970-10-12', 1, 04,01,01, '123456', 'u',  2001),
(1101077,'Victoria','Carpio', 'Mendoza','1970-10-12', 1, 04,01,01, '123456', 'u',  2001),
(1101078,'Virginia','Carpio', 'Mendoza','1970-10-12', 1, 04,01,01, '123456', 'u',  2001),
(1101079,'Alejandra','Carpio', 'Mendoza','1970-10-12', 1, 04,01,01, '123456', 'u', 2001),
(1101080,'Sara','Carpio', 'Mendoza','1970-10-12', 1, 04,01,01, '123456', 'u',  2001),
(1101081,'Sofia','Carpio', 'Mendoza','1970-10-12', 1, 04,01,01, '123456', 'u',  2001),
(1101082,'Elif','Carpio', 'Mendoza','1970-10-12', 1, 04,01,01, '123456', 'u',  2001),
(1101083,'Emilia','Carpio', 'Mendoza','1970-10-12', 1, 04,01,01, '123456', 'u', 2001),
(1101084,'Luciana','Carpio', 'Mendoza','1970-10-12', 1, 04,01,01, '123456', 'u', 2001),
(1101085,'Antonella','Carpio', 'Mendoza','1970-10-12', 1, 04,01,01, '123456', 'u',  2001),
(1101086,'Ava','Carpio', 'Mendoza','1970-10-12', 1, 04,01,01, '123456', 'u',  2001),
(1101087,'Isabelle','Carpio', 'Mendoza','1970-10-12', 1, 04,01,01, '123456', 'u',  2001),
(1101088,'Martina','Carpio', 'Mendoza','1970-10-12', 1, 04,01,01, '123456', 'u',  2001),
(1101089,'Sofia','Carpio', 'Mendoza','1970-10-12', 1, 04,01,01, '123456', 'u', 2001),
(1101090,'Mia','Carpio', 'Mendoza','1970-10-12', 1, 04,01,01, '123456', 'u',  2001),
(1101091,'Abigail','Carpio', 'Mendoza','1970-10-12', 1, 04,01,01, '123456', 'u',  2001),
(1101092,'Emily','Carpio', 'Mendoza','1970-10-12', 1, 04,01,01, '123456', 'u', 2001),
(1101093,'Erika','Carpio', 'Mendoza','1970-10-12', 1, 04,01,01, '123456', 'u', 2001),
(1101094,'Rut','Carpio', 'Mendoza','1970-10-12', 1, 04,01,01, '123456', 'u',  2001),
(1101095,'Raquel','Carpio', 'Mendoza','1970-10-12', 1, 04,01,01, '123456', 'u', 2001),
(1101096,'Amparo','Carpio', 'Mendoza','1970-10-12', 1, 04,01,01, '123456', 'u', 2001),
(1101097,'Azuzena','Carpio', 'Mendoza','1970-10-12', 1, 04,01,01, '123456', 'u', 2001),
(1101098,'Fiona','Carpio', 'Mendoza','1970-10-12', 1, 04,01,01, '123456', 'u',  2001),
(1101099,'Luciana','Carpio', 'Mendoza','1970-10-12', 1, 04,01,01, '123456', 'u', 2001),


(10101010,'Marinette','Du', 'Martinez','1970-10-12', 1, 04,01,01, '123456', 'u',  2001),
(10101020,'Marleny','Fuentes', 'Zúñiga','1972-10-15', 1,  04,01,01, '123456', 'u',  2001 ),
(10101030,'Miriam','Zea', 'Mendoza','1975-10-12, 1',  04,01,01, '123456', 'u',  2001),
(10101040,'Mario','Barbachan', 'Gutierrez','1979-05-12', 0, 04,01,01, '123456' , 'u',  2002),
(10101050,'Mery','Quzada', 'Polar','1985-10-12', 1,  04,01,01, '123456', 'u',  2002 ),
(10101060,'José','Gómez', 'Chávez','1970-10-12', 0,  04,01,01, '123456' , 'u', 2002),
(10101070,'Ysrael','Quina', 'Chávez','1990-10-12', 0,  04,01,01, '123456', 'u',  2002 ),
(10101080,'María','Acevedo', 'Martínez','1980-10-12', 1,  04,01,01, '123456' , 'u',  2002),
(10101090,'Enrique','Mejía', 'Acevedo','1960-10-12', 0,  04,01,01, '123456' , 'u',  2003),
(10102011,'Carolina','Acevedo', 'Ruíz','1990-10-12', 1, 04,01,01, '123456', 'u',  2003 ),
(10103011,'Irma','Dorantes', 'Castillo','1995-10-12', 1,  04,01,01, '123456', 'u', 2003 ),
(10104011,'Jóse','Acosta', 'Ruíz','1985-10-12', 0,  04,01,01, '123456', 'u', 2003 ),
(10105011,'Marcela','Alvarez', 'Ruíz','1973-10-12', 1,  04,01,01, '123456' , 'u',  2003),
(10106011,'Francisco','Aguilar', 'Fuentes','1978-10-12', 0,  04,01,01, '123456', 'u',  2003 ),
(10107011,'Hipolito','Lopez', 'Perez','1968-10-12', 0,  04,01,01, '123456' , 'u',  2003),
(10108011,'Jose','Camacho', 'Alcantar','1966-10-12', 0,  04,01,02, '123456' , 'u',  2004),
(10109011,'Roberto','Marinez', 'Perez','1968-10-12', 0,   04,01,02, '123456', 'u',  2004 ),
(10101211,'Ana','Cano', 'Perez','1988-10-12', 1,   04,01,02, '123456' , 'u',  2004),
(10201211,'Flor','Mendez', 'Zuñiga','1998-10-12', 1,   04,01,02, '123456', 'u',  2005 ),
(10301211,'Claudia','Gomez', 'Alvarado','1968-10-12', 1,  04,01,02, '123456', 'u',  2005 ),
(10401211,'Mariela','Flores', 'Quequezana','1978-10-12', 1,   04,01,02, '123456' , 'u',  2005),
(10501211,'Rocío','Cano', 'Pascual','1988-10-12', 1,   04,01,02,'123456' , 'u',  2005),
(10601211,'Anthony','Lopez', 'Perez','1968-10-12', 0,  04,01,02, '123456', 'u',  2005 ),
(10701211,'Oscar','Mendoza', 'Perez','1991-10-12', 0,   04,01,02, '123456', 'u', 2005 ),
(10801211,'Salvador','Lozada', 'Villanueva','1978-10-12', 0,   04,01,02, '123456' , 'u',  2005),
(10901211,'Martha','Aquiles', 'Ibarra','1968-10-12', 1,   04,01,02, '123456' , 'u',  2006),
(10131210,'Miguel','Chavez', 'García','1988-10-12', 0,   04,01,02, '123456' , 'u', 2006),
(10131220,'Leonardo','Chavez', 'Arredondo','1960-10-12', 0,   04,01,03, '123456', 'u',  2007 ),
(10131230,'Juan','Jimenez', 'Cortes','1988-10-12', 0,  04,01,03,  '123456' ,'u',  2007),
(10131240,'Manuel','Montoya', 'Zea','1998-10-12', 0,  04,01,03,  '123456','u',  2007 ),
(10131250,'Yuri','Cervantes', 'Salazar','1986-10-12', 1,  04,01,03,  '123456' ,'u', 2007),
(10131260,'Diego','Ochoa', 'Parra','1978-10-12', 0, 04,01,03,  '123456','u',  2008 ),
(10131270,'Andrea','Gonzales', 'Correa','1998-10-12', 1,  04,01,03,  '123456','u',  2009 ),
(10131280,'Ysrael','Villanueva', 'Zea','1988-10-12', 0,  04,01,03,  '123456' ,'u',  2009),
(10131290,'Diana','Casas', 'Solano','1988-10-12', 1,  04,01,03,  '123456','u',  2009 ),
(10132290,'Beatriz','Puentes', 'Barrero','1988-10-12', 1,  04,01,04, '123456' ,'u', 2010),
(10133290,'Lia','Vega', 'Mora','1988-10-12', 1,  04,01,04,'123456','u', 2010 ),
(10134290,'Eduardo','Puentes', 'Luna','1988-10-12', 0,  04,01,04, '123456' ,'u', 2010),
(10135290,'Maria','Garces', 'Barreo','1988-10-12', 1,  04,01,04,'123456' ,'u', 2010),
(10136290,'Melani','Barreras', 'Ramirez','1988-10-12', 1,  04,01,04,'123456','u', 2011 ),
(10137290,'Ada','Puentes', 'Rojas','1988-10-12', 1,  04,01,04, '123456' ,'u',  2011),
(10138290,'Lucy','Puentes', 'Barrero','1988-10-12', 1,  04,01,04,'123456' ,'u',  2011),
(10139290,'Paolo','Cervantes', 'Prado','1988-10-12', 0, 04,01,04, '123456' ,'u',  2011),
(10132390,'Patricio','Puentes', 'Pena','1988-10-12', 0, 04,01,04,'123456','u', 2011 ),
(10232290,'Esteban','Sierra', 'Mejía','1988-10-12', 0,  04,01,04, '123456' ,'u',  2012),
(10332290,'Julia','Vertran', 'Castro','1988-05-12', 1,  04,01,04, '123456' ,'u', 2012),
(10432290,'Doris','Hortra', 'Galeano','1988-10-12', 1,  04,01,04, '123456','u',  2012 ),
(10532290,'Dalia','Alvarez', 'Barrero','1988-10-12', 1, 04,01,04, '123456','u', 2012 ),
(10632290,'Julio','Puentes', 'Rueda','1988-05-12', 0,  04,01,04, '123456' ,'u', 2012),
(10732290,'Óscar','Novoa', 'Bustos','1988-10-12', 0,  04,01,04,'123456','u', 2012 ),
(10832290,'Omar','Puentes', 'Muñoz','1988-10-12', 0,  04,01,04, '123456','u', 2012 ),
(10932290,'Sara','Rodriguez', 'Barrera','1988-10-12', 1,  04,01,04, '123456' ,'u',  2012),
(10142291,'Julia','Puentes', 'Moreno','1988-10-12', 1,  04,01,04, '123456' ,'u', 2012),
(10143291,'Sebastián','Rodríguez', 'Fuentes','1988-10-12', 0,  04,01,05, '123456' ,'u', 2013),
(10144291,'Dora','Polar', 'Mendez','1988-10-12', 1,  04,01,05,'123456' , '123456' ,'u',  2013),
(10145291,'Marcela','Rueda', 'Moreno','1988-11-12', 1,  04,01,05, '123456', '123456' ,'u',  2014 ),
(10146291,'Julia','Galenda', 'Moreno','1988-08-12', 1,  04,01,05, '123456' , '123456' ,'u',  2015),
(70101020,'Víctor','Zúniga', 'Galvez','1995-10-12', 0, 04,01,26, '123456', '123456' ,'u',  2044 ),
(70101021,'Leonardo','Zúniga', 'Galvez','1995-10-12', 0, 04,01,26, '123456','u',  2044 ),
(70101022,'José','Zúniga', 'Galvez','1995-10-12', 0, 04,01,26, '123456','u', 2044 ),
(70101023,'Paul','Zúniga', 'Galvez','1995-10-12', 0, 04,01,26, '123456','u', 2044 ),
(70101024,'Luis','Zúniga', 'Galvez','1995-10-12', 0, 04,01,26, '123456','u',  2044 ),
(70101025,'Iván','Zúniga', 'Torres','1995-10-12', 0, 04,01,26,'123456' ,'u', 2044),
(70101026,'Hugo','Carrillo', 'Mejía','1995-10-13', 0, 04,01,26,'123456','u', 2044 ),
(70101027,'Víctor','Zúniga', 'Galvez','1995-10-12', 0, 04,01,26, '123456','u',  2044 ),
(70101028,'Víctor','Castillo', 'Castro','1995-10-12', 0, 04,01,26, '123456' ,'u',  2044),
(70101029,'Jorge','Zúniga', 'Galvez','1995-10-12', 0, 04,01,26,'123456','u', 2044 ),
(70101030,'Fabián','Zúniga', 'NMartinez','1995-10-12', 0, 04,01,26, '123456','u',  2044 ),
(70101031,'Alejandro','Zúniga', 'Peña','1995-10-12', 0, 04,01,26, '123456','u', 2044 ),
(70101032,'Alex','Zúniga', 'Delgado','1995-10-12', 0,04,01,26, '123456','u',  2044 ),
(73101020,'Dee','Metal', 'Metal','1998-01-28', 0, 04,01,26, '123456','a',  2044 ),
(70101033,'Damon','Albarn', 'Coxon','1995-10-12', 0, 04,01,26, '123456','u',  2044 );

INSERT INTO `miembrosMesa` VALUES
(1, 2001, 1101010, 1101011),
(2, 2002, 1101012, 1101013),
(3, 2003, 1101014, 1101015),
(4, 2004, 1101016, 1101017),
(5, 2005, 1101018, 1101019),
(6, 2006, 1101020, 1101021),
(7, 2007, 1101022, 1101023),
(8, 2008, 1101024, 1101025),
(9, 2009, 1101026, 1101027),
(10, 2010, 1101028, 1101029),
(11, 2011, 1101030, 1101031),
(12, 2012, 1101032, 1101033),
(13, 2013, 1101034, 1101035),
(14, 2014, 1101036, 1101037),
(15, 2015, 1101038, 1101039),
(16, 2016, 1101040, 1101041),
(17, 2017, 1101042, 1101043),
(18, 2018, 1101044, 1101045),
(19, 2019, 1101046, 1101047),
(20, 2020, 1101048, 1101049),
(21, 2021, 1101050, 1101051),
(22, 2022, 1101052, 1101053),
(23, 2023, 1101054, 1101055),
(24, 2024, 1101056, 1101057),
(25, 2025, 1101058, 1101059),
(26, 2026, 1101060, 1101061),
(27, 2027, 1101062, 1101063),
(28, 2028, 1101064, 1101065),
(29, 2029,1101066, 1101067),
(30, 2030, 1101068,1101069),
(31, 2031, 1101070, 1101071),
(32, 2032, 1101072, 1101073),
(33, 2033, 1101074, 1101075),
(34, 2034, 1101076, 1101077),
(35, 2035, 1101078, 1101079),
(36, 2036, 1101080, 1101081),
(37, 2037, 1101082,1101083),
(38, 2038, 1101084, 1101085),
(39, 2039, 1101086, 1101087),
(40, 2040, 1101088, 1101089),
(41, 2041, 1101090, 1101091),
(42, 2042, 1101092, 1101093),
(43, 2043, 1101094, 1101095),
(44, 2044, 1101096, 1101097),
(45, 2045, 1101098, 1101099);









